n_obs,n_municipalities,n_sectors,n_years,mean_log_employ,sd_mobile_pen,pct_cash_intensive
1198057,5570,88,7,3.3652375954947678,1.6471060746487518,0.23756632614308001
